ABMS	Provider Specialty (American Board of Medical Specialties)	http://www.abms.org/member-boards/specialty-subspecialty-certificates		45756746
APC	Ambulatory Payment Classification (CMS)	http://www.cms.gov/Medicare/Medicare-Fee-for-Service-Payment/HospitalOutpatientPPS/Hospital-Outpatient-Regulations-and-Notices.html	2011-28-09	44819132
ATC	WHO Anatomic Therapeutic Chemical Classification	FDB UK distribution package	RxNorm Full 20150706	44819117
CCS	Clinical Classifications Software for ICD-9-CM (HCUP)	http://www.hcup-us.ahrq.gov/toolssoftware/ccs/ccs.jsp#download	Not implemented yet	44819142
CIEL	Columbia International eHealth Laboratory (Columbia University)	https://wiki.openmrs.org/display/docs/Getting+and+Using+the+MVP-CIEL+Concept+Dictionary	Openmrs 1.11.0 20150227	45905710
Cohort	Legacy OMOP HOI or DOI cohort	OMOP generated		44819123
Cohort Type	OMOP Cohort Type	OMOP generated		44819234
Concept Class	OMOP Concept Class	OMOP generated		44819233
Condition Type	OMOP Condition Occurrence Type	OMOP generated		44819127
CPT4	Current Procedural Terminology version 4 (AMA)	http://www.nlm.nih.gov/research/umls/licensedcontent/umlsknowledgesources.html	2014AB	44819100
Currency	International Currency Symbol (ISO 4217)	http://www.iso.org/iso/home/standards/currency_codes.htm	2008	44819153
Death Type	OMOP Death Type	OMOP generated		44819135
Device Type	OMOP Device Type	OMOP generated		44819151
Domain	OMOP Domain	OMOP generated		44819147
DRG	Diagnosis-related group (CMS)	http://www.cms.gov/Medicare/Medicare-Fee-for-Service-Payment/AcuteInpatientPPS/Acute-Inpatient-Files-for-Download.html	2011-18-02	44819130
Drug Type	OMOP Drug Exposure Type	OMOP generated		44819126
ETC	Enhanced Therapeutic Classification (FDB)	FDB US distribution package	2013-20-06	44819116
Ethnicity	OMOP Ethnicity	OMOP generated		44819134
Gemscript	Gemscript NHS dictionary of medicine and devices (NHS)	Codes extracted from GPRD database, courtesy of J&J	2013 Release	44819144
Gender	OMOP Gender	OMOP generated		44819108
Genseqno	Generic sequence number (FDB)	FDB US distribution package	2011-25-08	44819141
GPI	Medi-Span Generic Product Identifier (Wolters Kluwer Health)	Medi-Span distribution package	RXNORM CROSS REFERENCE 15.2.1.002	44819106
HCPCS	Healthcare Common Procedure Coding System (CMS)	http://www.nlm.nih.gov/research/umls/licensedcontent/umlsknowledgesources.html	2015 Annual Alpha Numeric HCPCS File	44819101
HES Specialty	Hospital Episode Statistics Specialty (NHS)	http://www.datadictionary.nhs.uk/data_dictionary/attributes/m/main_specialty_code_de.asp?shownav=0	Not implemented yet	44819145
ICD10	International Classification of Diseases, 10th Revision, (WHO)	http://www.who.int/classifications/icd/icdonlineversions/en/	2014 Release	44819124
ICD10CM	International Classification of Diseases, 10th Revision, Clinical Modification (NCHS)	http://www.cdc.gov/nchs/icd/icd10cm.htm	Not implemented yet	44819124
ICD10PCS	ICD-10 Procedure Coding System (CMS)	http://www.cms.gov/Medicare/Coding/ICD10/index.html	2011-08-06	44819125
ICD9CM	International Classification of Diseases, Ninth Revision, Clinical Modification, Volume 1 and 2 (NCHS)	http://www.cms.gov/Medicare/Coding/ICD9ProviderDiagnosticCodes/codes.html	ICD9CM v32 master descriptions	44819098
ICD9Proc	International Classification of Diseases, Ninth Revision, Clinical Modification, Volume 3 (NCHS)	http://www.cms.gov/Medicare/Coding/ICD9ProviderDiagnosticCodes/codes.html	ICD9CM v32 master descriptions	44819099
Indication	Indications and Contraindications (FDB)	FDB US distribution package	2013-20-06	44819115
LOINC	Logical Observation Identifiers Names and Codes (Regenstrief Institute)	http://loinc.org/downloads/loinc	LOINC 2.52	44819102
MDC	Major Diagnostic Categories (CMS)	http://www.cms.gov/Medicare/Medicare-Fee-for-Service-Payment/AcuteInpatientPPS/Acute-Inpatient-Files-for-Download.html	2013-01-06	44819131
Meas Type	OMOP Measurement Type	OMOP generated		44819152
MedDRA	Medical Dictionary for Regulatory Activities (MSSO)	http://www.meddramsso.com/subscriber_download.asp	MedDRA version 18.0	44819111
MeSH	Medical Subject Headings (NLM)	http://www.nlm.nih.gov/research/umls/licensedcontent/umlsknowledgesources.html	2015 Release	44819136
Multilex	Multilex (FDB)	http://www.nlm.nih.gov/research/umls/rxnorm/docs/rxnormfiles.html	2013-05-06	44819118
Multum	Cerner Multum (Cerner)	http://www.nlm.nih.gov/research/umls/rxnorm/docs/rxnormfiles.html	2013-07-10	44819112
NDC	National Drug Code (FDA and manufacturers)	http://www.nlm.nih.gov/research/umls/rxnorm/docs/rxnormfiles.html, http://www.fda.gov/downloads/Drugs/DevelopmentApprovalProcess/UCM070838.zip	NDC 20150708	44819105
NDFRT	National Drug File - Reference Terminology (VA)	http://www.nlm.nih.gov/research/umls/rxnorm/docs/rxnormfiles.html	RxNorm Full 20150706	44819103
None	OMOP Standardized Vocabularies	OMOP generated	v5.0 17-JUL-15	44819096
Note Type	OMOP Note Type	OMOP generated		44819146
NUCC	National Uniform Claim Committee Health Care Provider Taxonomy Code Set (NUCC)	http://www.nucc.org/index.php?option=com_content&view=article&id=107&Itemid=132	2013-07-01	44819137
Obs Period Type	OMOP Observation Period Type	OMOP generated		44819149
Observation Type	OMOP Observation Type	OMOP generated		44819129
OPCS4	OPCS Classification of Interventions and Procedures version 4 (NHS)	http://systems.hscic.gov.uk/data/clinicalcoding/codingstandards/opcs4	OPCS4 nhs_dmwb_19.0.1_20150401000001	44819143
OXMIS	Oxford Medical Information System (OCHP)	Codes extracted from GPRD database, courtesy of GSK		44819114
PCORNet	National Patient-Centered Clinical Research Network (PCORI)	OMOP generated		44819148
Place of Service	Place of Service Codes for Professional Claims (CMS)	http://www.cms.gov/Medicare/Medicare-Fee-for-Service-Payment/PhysicianFeeSched/downloads//Website_POS_database.pdf	2009-01-11	44819110
Procedure Type	OMOP Procedure Occurrence Type	OMOP generated		44819128
Race	Race and Ethnicity Code Set (USBC)	http://www.cdc.gov/nchs/data/dvs/Race_Ethnicity_CodeSet.pdf	Version 1.0	44819109
Read	NHS UK Read Codes Version 2 (HSCIC)	http://www.nlm.nih.gov/research/umls/licensedcontent/umlsknowledgesources.html	NHS READV2 19.0.2 20150326000001	44819113
Relationship	OMOP Relationship	OMOP generated		44819235
Revenue Code	UB04/CMS1450 Revenue Codes (CMS)	http://www.mpca.net/?page=ERC_finance	2010 Release	44819133
RxNorm	RxNorm (NLM)	http://www.nlm.nih.gov/research/umls/rxnorm/docs/rxnormfiles.html	RxNorm Full 20150706	44819104
SMQ	Standardised MedDRA Queries (MSSO)	http://www.meddramsso.com/secure/smq/SMQ_Spreadsheet_14_0_English_update.xlsx	Version 14.0	44819121
SNOMED	Systematic Nomenclature of Medicine - Clinical Terms (IHDSTO)	http://www.nlm.nih.gov/research/umls/licensedcontent/umlsknowledgesources.html	SnomedCT Release INT 20150131	44819097
Specialty	Medicare provider/supplier specialty codes (CMS)	http://www.cms.gov/Medicare/Provider-Enrollment-and-Certification/MedicareProviderSupEnroll/Taxonomy.html		44819138
SPL	Structured Product Labeling (FDA)	http://www.fda.gov/Drugs/InformationOnDrugs/ucm142438.htm	NDC 20150708	44819140
UCUM	Unified Code for Units of Measure (Regenstrief Institute)	http://aurora.regenstrief.org/~ucum/ucum.html#section-Alphabetic-Index	Version 1.8.2	44819107
VA Class	VA National Drug File Class (VA)	http://www.nlm.nih.gov/research/umls/rxnorm/docs/rxnormfiles.html	RxNorm Full 20150706	44819122
VA Product	VA National Drug File Product (VA)	http://www.nlm.nih.gov/research/umls/rxnorm/docs/rxnormfiles.html	RxNorm Full 20150706	44819120
Visit	OMOP Visit	OMOP generated		44819119
Visit Type	OMOP Visit Type	OMOP generated		44819150
Vocabulary	OMOP Vocabulary	OMOP generated		44819232
